durations_baseline,IARs_baseline,durations_prevention,IARs_prevention,durations_vaxA,IARs_vaxA,durations_vaxB,IARs_vaxB
166,0.6271481524052956,169,0.608126547915617,169,0.6036157137698331,169,0.6036184942991021
188,0.5736317523620597,192,0.5370668351966735,185,0.48787686237637007,189,0.44738005384013135
208,0.6469715687966264,215,0.6054760536707422,169,0.5832536672477803,223,0.5370364931761699
166,0.6102303275283947,169,0.5891008603547713,169,0.5269667215730671,160,0.5535170896326489
167,0.5865365591673728,170,0.5678001969230225,198,0.6398482505029421,172,0.4571622699399872
172,0.4714133780457737,179,0.43507837959534096,165,0.5656958725041658,199,0.5850877866146472
197,0.3872716102940162,217,0.3334296788607862,176,0.5221097405071218,164,0.5413993367101041
212,0.6090303051810736,216,0.577393916301596,167,0.6126117926674705,162,0.5815565938168531
196,0.5807314463986135,199,0.5684489218077502,205,0.5264021688480085,174,0.565393732622882
156,0.5865717750165982,159,0.5713831001095165,171,0.48042953384027576,186,0.5671064159140421
184,0.5741571389399456,186,0.5681084006555868,244,0.30728370247193015,220,0.4012197813608892
197,0.5067700427764823,202,0.4814383783182252,200,0.6486838149327201,184,0.4012334019415958
163,0.582827567811387,165,0.5634415114286895,160,0.5610727024133227,239,0.2965993019652738
151,0.6470957542779874,154,0.6270431694449338,199,0.5227355968307889,188,0.5083641713521222
177,0.5383320348532582,181,0.5213746467095941,196,0.4070482999641575,162,0.489109885811539
167,0.5542596966162641,169,0.5436028341249344,163,0.48747984580621584,216,0.5190315623146972
203,0.6498713973338549,209,0.607185906503614,164,0.42663572948773093,209,0.5221408041811986
190,0.41409445655425753,208,0.3565714162117391,183,0.6056040106732934,209,0.4804940275959314
201,0.5764742838760546,208,0.5333430998336208,165,0.5016339961624678,163,0.4874809995948566
182,0.47994774329619977,192,0.43303073889736954,178,0.48032178195052827,185,0.353279793859181
149,0.5196473739995809,154,0.48879916397893713,162,0.5585761537123679,174,0.6086337908871139
147,0.6106517717613346,149,0.5948660649897923,148,0.5945628982617053,193,0.5055134740890024
162,0.6433483970169296,164,0.6292781793274695,196,0.6131458707358026,190,0.6371302619467842
172,0.623930023247572,174,0.6109198214238424,213,0.613060474257291,177,0.6483640746889949
199,0.640963933601103,202,0.6263233582745232,193,0.6152082238344201,177,0.4783123295872495
161,0.5344465149832135,165,0.5138768126518594,172,0.563426125079608,163,0.5491474347977198
200,0.5929303385384356,208,0.5441791811833566,168,0.5785776672689595,190,0.4308341946605299
159,0.5713027962701568,162,0.5507892787959485,206,0.5359452816472925,175,0.5557262290954285
191,0.5190979704954175,195,0.503149947125498,168,0.5015284248861643,207,0.5769057903727383
170,0.677014134413836,172,0.6672603040339505,225,0.36444178769203833,179,0.49871078024663673
182,0.583749130972909,187,0.5426725935037311,230,0.5254883496836434,181,0.5101250576181431
191,0.4878832123472748,211,0.40110892448030044,207,0.53015898128586,173,0.6529549825599936
212,0.6339545596374705,219,0.5859338406034247,171,0.6066431650032081,173,0.5379366573134235
204,0.6344480872808121,207,0.6163100943033778,201,0.3777170249177336,167,0.6222652499901067
186,0.5128079217616255,193,0.47157149778989527,192,0.6395649090495313,158,0.5806427660390884
177,0.514891119347547,184,0.48256652096014135,164,0.5216970538532117,178,0.5589168655962344
165,0.6232227950556226,167,0.6106852752394522,186,0.49638213895989,230,0.52540395132153
185,0.6240468425198273,189,0.6060947490860102,218,0.5923715381786423,219,0.6243066048425235
168,0.5978767669398088,172,0.5726102174323816,186,0.3764626097918776,172,0.5942938573810157
188,0.4914115117664823,194,0.46750561901945065,201,0.46859220323056827,175,0.5473702575505535
210,0.591031589729251,212,0.5833346590824183,161,0.5155579124691675,223,0.4946523997718135
173,0.5833095613072727,177,0.5615257257274401,235,0.34461248373289366,154,0.4898800286453371
213,0.5620988970236834,217,0.5407810342917589,141,0.6115614417974541,177,0.40068664620662825
159,0.5715413318617043,162,0.5552607834798381,169,0.5051648852196146,181,0.5597204869276735
151,0.5173200300008686,155,0.5003795882606464,170,0.386526450081326,218,0.5923920979553499
170,0.6259728295650846,172,0.606755670074811,167,0.5775515675422691,198,0.47221019308346696
202,0.6436157921646218,205,0.6256946703215557,180,0.5222183845703664,154,0.5240854692605977
203,0.65673413015769,207,0.6358866555480573,167,0.489268924290778,200,0.5958606833452347
182,0.528475694879292,195,0.45434865716829165,183,0.5898180243583365,161,0.6287825055875976
165,0.4746246151654719,174,0.42400566272023144,184,0.47618195600459373,208,0.6297616810380511
181,0.5177312096727912,186,0.5020791614696115,190,0.4555730681431352,211,0.5215330845631262
145,0.5584262531954133,148,0.5431214824697829,197,0.5732071058832908,169,0.5051717198863022
146,0.5897808182705067,149,0.570794433727779,159,0.6108474395422129,171,0.47544686993747814
167,0.47653910126284826,182,0.40700420406074655,210,0.4163333735153031,241,0.3711227999180622
150,0.5495949427469778,153,0.5297942546422951,160,0.5591327536884624,229,0.5012087949421816
151,0.5982040921059606,153,0.5837735972548256,204,0.5375579365465525,203,0.51088634466356
145,0.5932622764072648,149,0.5581786750660541,223,0.3776561187050058,166,0.5906328023432172
177,0.5004691320718889,184,0.46879568343650063,183,0.421745121556468,183,0.5898188077607665
191,0.6044555093686806,193,0.5879615241011775,171,0.5736398531342117,164,0.5430159557099333
169,0.5386749475358821,172,0.5227442570810935,206,0.4255794876884673,158,0.6075070076278271
165,0.5339418558247941,168,0.5140981821096519,196,0.34523397550291424,177,0.5098074521207363
217,0.6315180520646061,222,0.5974887217323182,156,0.5244257396163954,174,0.5346097045953736
181,0.48198651660161174,191,0.4359892639367833,168,0.46468841243173503,159,0.5166186791904046
163,0.6074337434033861,166,0.5814421660960852,165,0.5259321868307648,191,0.5048437095430773
189,0.4752950203846413,197,0.43396403904181136,171,0.4485529341929649,160,0.5591333900005101
177,0.5375128280985073,181,0.5158001955284693,174,0.6377510839739856,213,0.5556429542226401
161,0.5415631731014358,166,0.5066798856011318,184,0.4560084968610881,208,0.5667811724816652
215,0.5172795270475715,225,0.47415340824628643,175,0.5798778532423426,171,0.48242794588152543
236,0.5210581583820386,245,0.4833363487155133,196,0.512358914151225,206,0.48296515325210615
178,0.5182120802440874,182,0.492765714223809,230,0.40728936888726014,236,0.49323928769496533
178,0.6285158125236745,181,0.6101654883382824,180,0.5736156531920217,178,0.3835302087823341
190,0.6187784997298582,193,0.6038056821012969,187,0.41653355560767774,217,0.4239271714451677
193,0.609662530928225,196,0.5863674777058027,208,0.5930034444892489,184,0.5894915592534613
199,0.5181725412388638,215,0.4386925798373589,176,0.5577482460661184,166,0.5272231977865924
155,0.5440464639584279,159,0.523830880687231,203,0.6222839350041187,164,0.4985711079733576
202,0.4532522304313388,208,0.4257198674615793,199,0.6004050609084878,195,0.5733051309527754
167,0.5298531282901681,175,0.4866270901224056,164,0.4585833974100775,218,0.5626349670902111
192,0.6835535998485662,194,0.6652350518788158,166,0.6086411866852184,150,0.4845669111047396
179,0.6181335307733281,181,0.6103728929171635,165,0.49881599009288974,174,0.555198553863203
206,0.4479789254781904,220,0.39531411458857035,193,0.6050611336388435,170,0.6046905773169818
167,0.5096207361963951,171,0.485842817706993,160,0.5151208455238128,156,0.5391087898125512
180,0.5571156803501591,183,0.549571209627228,171,0.465873408772012,186,0.6698612158543531
184,0.5134450297761859,188,0.500282511681257,152,0.5406931503505126,202,0.3635409831282509
173,0.5635759966099191,178,0.5395179393565299,163,0.4485733911734588,169,0.5613481070870682
135,0.5709157977982594,138,0.5460312265986375,179,0.4797194799359513,176,0.4070466490740782
165,0.5474425203569817,169,0.5162080077093288,174,0.539989456219049,199,0.4787303960132346
192,0.6354918812533398,196,0.6159905441536531,175,0.560343540943306,176,0.5577620136165514
191,0.5884517335943316,195,0.566068255142573,161,0.48867967166500625,211,0.4880005233380334
138,0.5144479854639875,144,0.47333362124524275,189,0.46599543163688506,220,0.4829260757648902
193,0.3923336730529758,208,0.34487388291023763,231,0.3281555152385092,177,0.4208238706180551
155,0.5313296611328772,160,0.5068834827650901,184,0.4001189249598353,164,0.4585805994309609
182,0.5987241976567211,184,0.5914669928511317,203,0.6270291685953414,158,0.6331122667067859
181,0.565948433560326,186,0.5392414334955897,163,0.4684045126544591,207,0.4272879489672615
176,0.4959768611378765,183,0.4622618742386597,171,0.6142229839341468,149,0.6154923247258037
181,0.5381017366233353,185,0.5209920460979056,192,0.4939912204157476,203,0.6156740696139992
153,0.575915818336031,156,0.5526442090868765,219,0.4916227134601015,213,0.35326155837392637
151,0.5782396736079841,155,0.5452335649204426,155,0.5368874679373175,150,0.5276765640255336
159,0.6274625947565,161,0.6151879710278136,164,0.5236618947892472,201,0.6082005164329799
193,0.6819628795770333,196,0.6654650071552538,158,0.43485886806873847,227,0.4474604692513014
200,0.5721890911731492,206,0.5307590583801647,177,0.4633581714092338,204,0.5979580736262838
172,0.5605366940264749,176,0.5273220470201602,225,0.5005034913446892,197,0.5300796590958399
190,0.6211149400747686,193,0.6016275356610069,188,0.6055146119027035,162,0.5666892080571778
186,0.5208922069834205,193,0.4897553924031939,179,0.4599128276119392,183,0.3976698869068807
168,0.5751744792350227,171,0.5538205302306634,144,0.6128059924598491,214,0.297353154192168
194,0.5763047199395465,202,0.5282552071461254,219,0.47268790347812256,210,0.558310630784437
200,0.6356619473311057,203,0.6256515100504931,200,0.6442341917288762,201,0.3715830623427629
218,0.4539134609592429,240,0.3869403667917982,181,0.6174290614640878,184,0.4000543138706982
193,0.4571977232723496,200,0.4240640157870517,210,0.6434790770044746,177,0.634590259882327
197,0.6073737409788904,200,0.5988712677965916,174,0.5859085793496673,162,0.4685103524443584
156,0.6474689764078413,158,0.6352769358385275,171,0.6025933823513441,165,0.5116363512753165
191,0.5096186872864144,200,0.4623028336873655,168,0.5576917670848944,188,0.5390492985948782
147,0.5701352071400144,150,0.5537857835595577,209,0.6095764567175297,183,0.5090818178140566
181,0.5507163535825734,186,0.5209533126821817,203,0.5658988685590254,174,0.591112323357614
195,0.6318346646358248,199,0.6133284052767964,182,0.5788653607012157,158,0.44249388634906706
187,0.4774710849074797,195,0.4385203913360153,172,0.553777397150808,200,0.6571067477910336
146,0.5600324153636147,150,0.5303049416599228,197,0.5648251105622528,184,0.6086798864001965
184,0.6358490173323263,188,0.6129989170227363,217,0.5532656391394407,190,0.584638884487398
200,0.5275918773830228,210,0.47426046138385475,186,0.4142466347208929,251,0.4159240591058446
175,0.49555477618585175,178,0.4849217311978531,213,0.6370104920180089,178,0.6220089347050652
204,0.5541260777803781,211,0.515697666092289,239,0.35820548154232623,198,0.46680482441163024
195,0.6013752743622426,198,0.5867759562019962,186,0.5240849595961734,171,0.5924255536595353
170,0.6298140095615389,173,0.6095697599303064,154,0.4538100786274581,192,0.5448221325356875
190,0.5404805290074234,193,0.5307675692450596,165,0.6399195845352876,212,0.5979560967153539
165,0.529609437277596,169,0.5067430724892289,194,0.4367581811608936,200,0.6162555533167433
182,0.5263832630121876,190,0.48691970091299325,190,0.5754467805668251,196,0.4937931093660268
189,0.60091173761599,193,0.5712799099105849,181,0.4091372642497248,214,0.634223485164171
181,0.5722995899714213,186,0.5457698844618155,181,0.6291054345119182,183,0.6316711927579374
153,0.6166825574816818,156,0.5959671478914208,190,0.547638530454382,175,0.645477355593334
180,0.6283580775726084,185,0.5951534427914092,186,0.4653016237988529,170,0.5229104744541149
181,0.49497737798055647,190,0.44576866190474307,181,0.39018625600637363,193,0.4693290145022875
190,0.6219293440343763,194,0.5941837985623001,191,0.5660584032667574,211,0.5865075716829642
168,0.6442090828380058,171,0.6212578697197405,162,0.5805380721423933,203,0.5659028897801276
201,0.5208693001096645,211,0.4711614248279608,187,0.47355792327410867,158,0.4687238090962474
170,0.600034701499313,172,0.5915739727842892,210,0.4244079076777823,224,0.3729110295385788
171,0.4625738687321604,182,0.41132752017432966,182,0.5076490712390462,162,0.5673312266563615
190,0.5231588800740447,195,0.4930650829142387,167,0.43984225422105355,181,0.5874944295178446
173,0.511094106765472,178,0.48937255384508516,146,0.5493674476219891,217,0.5532681268135421
160,0.6351049082711263,162,0.6211465030801998,168,0.4664507188134954,201,0.37613526753042986
186,0.6217991158977699,189,0.610660319026005,178,0.6018719304561199,173,0.5588046466942088
191,0.6214131076811896,197,0.5920128519183919,209,0.3402115349460445,166,0.5528662446521211
219,0.5336319796226667,224,0.5130475435970404,162,0.4958076299246913,177,0.494892955708928
161,0.5155895373976537,173,0.43776883606560046,187,0.49933399513180526,189,0.6600477689474461
173,0.5537814397617272,178,0.519207891320087,208,0.48922541059604957,188,0.5405835099936384
206,0.6277678927220808,210,0.6000397761185411,178,0.4100882724761891,180,0.5476996333420938
200,0.6270400629702421,203,0.6042820507419632,216,0.534366398233285,155,0.46669294724783844
188,0.5729224615902185,191,0.5519434510162217,168,0.6287429882385466,183,0.5159111129167664
197,0.5931097445340657,203,0.5537982629712163,200,0.5697471199473083,163,0.6131671439902084
197,0.6709259975174693,200,0.6477840017530481,198,0.5161953491739714,230,0.41983939965204614
158,0.5490773746545248,162,0.5234800544350919,201,0.5328953623626775,181,0.5841178761249393
202,0.4978879366079256,209,0.46956525457722986,193,0.4052607489728128,170,0.465448975929723
208,0.6595585846171298,210,0.6474168619411906,190,0.4882336336639085,156,0.43855038319040773
178,0.4605003531644485,190,0.40755325565147177,175,0.4196430460596869,145,0.49476742341563085
143,0.5747945338593575,146,0.5519996843226607,206,0.5581282054851828,166,0.49116631310648584
175,0.5921881982828671,180,0.5547463012497187,143,0.553268102559877,204,0.5990375512072978
156,0.5329929303523928,166,0.46462366175069536,153,0.5535932621639995,169,0.5435168238146595
207,0.49639553759262184,218,0.45882063666957684,169,0.507086199271699,172,0.4554745409624035
154,0.6308728426412342,157,0.609694467504306,167,0.47523635578758,182,0.5076555509130749
197,0.6037243716722763,202,0.5753615677983589,173,0.49286367211821935,158,0.558153824300268
155,0.4820593791401687,158,0.47270196849480073,163,0.4940578577605007,167,0.5040332559552135
155,0.43402475217848774,160,0.41222808985950626,179,0.4380735487898076,161,0.5605664971443037
144,0.5786789757051788,149,0.5406815679705428,181,0.5320279461191119,144,0.5143950612357997
170,0.5546270264363392,173,0.5389320875052045,197,0.5214907079595675,198,0.5473041756983306
193,0.554134934895522,201,0.5120926040607906,201,0.5064224228549317,148,0.5155069591583322
189,0.5133775377740222,192,0.5042823422074972,171,0.4889386658417804,167,0.5173007047552742
190,0.43417829596047103,198,0.40191437117637996,174,0.4786173254705165,191,0.5910823127706964
189,0.5942840577064975,194,0.5615616426002684,203,0.5371384714944881,207,0.4888209368572019
178,0.5159194833259358,182,0.4964317485924768,177,0.578270617484433,213,0.601836014731743
171,0.6142307850883821,173,0.5963550403942527,200,0.5681122366541488,162,0.5494796191791411
166,0.5960154686510015,169,0.5726889607790808,168,0.5106996456695152,180,0.5055535021339503
187,0.6745792693599756,189,0.6638573304700472,219,0.6386107563554397,178,0.48678865299086604
162,0.6417018403196428,165,0.6239529336255031,170,0.36779024006509653,200,0.5697501958907363
162,0.659049262120735,165,0.6433064806997932,173,0.5801347588573541,218,0.5154073480979386
183,0.5745973646227844,187,0.5552651455700205,224,0.3604175162731006,220,0.6092105924419845
174,0.604132505640333,177,0.5861519334612301,146,0.603203772884813,212,0.46918648622277404
177,0.5724607242379413,181,0.5591199533450326,180,0.4280630517706752,166,0.5461645935285269
191,0.4839584879872307,201,0.4417278029315276,160,0.4964766157935399,178,0.6131938791375703
161,0.6260072401506535,163,0.6139144064444367,212,0.5826501790808526,205,0.376600529641239
190,0.5363852395457037,193,0.5304472904423119,178,0.43584670192976477,165,0.5159497476150676
161,0.5333927743701881,165,0.50531718682675,215,0.3637426487029608,155,0.540653275815231
162,0.5596283959244102,166,0.5275452691165284,167,0.4951448426914066,173,0.6256820442581594
173,0.5391943318377697,185,0.47081075228368346,172,0.6095971009475372,231,0.4802992721852264
172,0.6287164547749116,175,0.6036479194098459,192,0.5739401963889366,182,0.5409956891508347
175,0.46039221401648256,180,0.43780880794406224,244,0.45217150444565823,151,0.5521426379375626
186,0.6133410876014603,191,0.5786228062613346,172,0.38993026561414956,194,0.538107911816538
170,0.5191225942309629,173,0.5070679597164456,216,0.4348060441189134,157,0.6079438515663879
209,0.5632936638828224,214,0.527277221206193,170,0.5680263891447629,179,0.5810199051631558
180,0.5083659743642248,192,0.4450758437796999,169,0.5887748980981112,162,0.4977253224839262
182,0.48619575596190245,192,0.43481447462817757,204,0.5835077742487049,179,0.55042642096644
194,0.4208247078690682,210,0.36986740514433386,232,0.48075833890662883,201,0.5062404586126327
164,0.5725676856125,171,0.5186041684376311,227,0.4665508218185383,182,0.48895609183687777
187,0.6029275286799789,189,0.5964266875608623,213,0.4925573696484525,188,0.4086304976351013
165,0.5697332357054714,168,0.5411304122407362,193,0.5148368461044139,230,0.4661789705550255
188,0.4265190272094721,198,0.38978180029364373,213,0.5312613104272972,201,0.45600955848029917
204,0.5993560238864659,211,0.5664360455423203,174,0.5989272584821316,160,0.5319299444124447
173,0.6428023511627704,178,0.6072282990819019,161,0.5708994068264232,174,0.47952165042906425
186,0.6105173675324462,190,0.5830588628453961,213,0.6151648809604181,152,0.48257051114643823
175,0.5138846356508577,179,0.4962805937572746,218,0.3880534689035134,216,0.6392042207665637
168,0.6112593773725594,171,0.5908528519564701,166,0.5824464867708509,179,0.5051128837488841
177,0.5674109119881023,186,0.5069984905005256,181,0.6327732148894605,171,0.5327833619137882
202,0.6178048583247794,207,0.5870801484177399,170,0.4546438869139292,188,0.6370629747767196
163,0.5937711732914858,165,0.5855958441124759,197,0.3672050693306374,185,0.39090359746121617
156,0.462003398961262,163,0.4252119955185098,209,0.5536588157816156,179,0.6073130263754644
208,0.5416563413388734,215,0.4988560879663418,235,0.3645647215026997,206,0.6351893791327213
175,0.5398365816774531,179,0.5149099294415128,159,0.5863500069245178,160,0.49647270022178513
165,0.6441617885736737,167,0.6318671991174621,169,0.658402828126676,191,0.4428414206906537
204,0.6633394234147989,207,0.6480225660940045,183,0.48367263992744103,164,0.563162413591553
192,0.4887277030335184,200,0.442424393355709,165,0.6113707688765737,156,0.5035659365035713
192,0.5583430493431409,197,0.5266268093244603,165,0.44811279494677114,157,0.4904441836164678
204,0.5543083942886955,212,0.5202980884710852,183,0.47711078996811657,167,0.4951535293269204
182,0.602074769267377,189,0.5526937331833347,188,0.44013561475031104,149,0.5981672684095742
150,0.5411875072247053,154,0.5234258906533631,207,0.4940798207635341,203,0.5488565068818316
184,0.5129812137689206,189,0.490987716285242,173,0.47317994311522954,146,0.5092604368224775
182,0.5612187311774607,187,0.5295221777233424,214,0.5157081479243464,221,0.48100537575553665
189,0.44167767375097394,203,0.38868634487816045,181,0.5140450309827812,142,0.554899547106817
221,0.4742610588391074,229,0.4448631088967919,195,0.5291868287608853,177,0.4750434633654677
176,0.53795804620831,182,0.5056449352988867,142,0.49097448840274655,159,0.6264948555121435
169,0.6304780922267976,172,0.6060964564347642,171,0.5104001794643646,165,0.5822720606562976
209,0.6093733110718152,213,0.5967243967087027,164,0.5684061051208293,172,0.6109261854308253
147,0.5952448417961432,149,0.584128705674806,164,0.5386601708810801,173,0.37416516257655347
160,0.5169651748869141,166,0.4795376347547152,169,0.5436544150257119,178,0.4525618156678764
153,0.6535098578016826,155,0.6351180811281075,176,0.5914896543816616,174,0.5496527288318812
195,0.5343546980594645,199,0.5134391686240111,200,0.4215207732260631,213,0.4925008516629223
166,0.6716317424615977,168,0.6588525383870568,183,0.46727851569988915,202,0.5272430193591002
141,0.5432643432575548,149,0.47820901111495245,184,0.46740671853342763,187,0.5633377643141865
171,0.6411898146532892,174,0.6230745662795385,136,0.576489465428686,146,0.4431832855661219
152,0.5240418534973497,155,0.5156869481741724,207,0.36556911582001617,155,0.5881611653883497
199,0.5542406059196064,203,0.5365366211674116,222,0.4590473108207684,207,0.657544187638564
188,0.5298485969981065,192,0.517577438479654,171,0.4617708926298993,202,0.35553553502818286
187,0.5352245240815873,194,0.5055400430109591,183,0.5990056398664036,192,0.49960810576836795
182,0.6434735577853767,184,0.6330771238817242,205,0.6667097007086698,166,0.5824506457853643
159,0.6147176308194732,164,0.5800416105966416,163,0.5979648644572395,167,0.5643993404821819
160,0.5654128715461559,163,0.5501645528456205,156,0.543321879231224,190,0.5319848291161161
182,0.4527441285343582,204,0.3750892119868187,181,0.6231822757321612,196,0.6166939560979389
155,0.5736244527079035,160,0.5394787118098844,162,0.5849358894544702,195,0.5076218774190676
166,0.6321598392658179,169,0.6074343119076155,212,0.5120470951106728,190,0.5862632163387573
174,0.49409282323076503,180,0.46262224287669346,182,0.47209572716195564,188,0.3073818030258386
214,0.6698456056168747,219,0.6446473523969155,194,0.547943642720926,159,0.5863595409397331
199,0.6644063443555807,202,0.6514630670891896,192,0.5743469447857629,198,0.494874405784649
172,0.6381696657367072,174,0.6283181265236885,217,0.6085030378894344,192,0.6175933350157591
185,0.668900788653518,187,0.65114813599749,247,0.3667076227959307,185,0.5040450761198522
152,0.491014113606135,155,0.47571715383789653,185,0.48044783176692707,169,0.6136035014223306
165,0.6411010900919542,166,0.6311832812022123,160,0.5748476099163569,188,0.3931629108222116
177,0.6213259256886733,179,0.6111927889626448,145,0.4986507721716857,168,0.5891760284175607
175,0.6057565507258744,179,0.5664241239714609,158,0.5199284520462903,185,0.5857563719814982
188,0.5461815283625433,191,0.5346146423431347,189,0.5858506556118978,229,0.41198689540153677
165,0.5435272446882384,173,0.4993009218471013,197,0.3850905633597736,151,0.528411846040849
207,0.6234235096292218,211,0.5964102258803337,216,0.29957160570302677,161,0.4590364489960211
148,0.5381460999561185,153,0.50712576004972,162,0.5532116079536938,204,0.6043787346203309
151,0.5433519513248027,155,0.51085314571653,175,0.5705884088387106,195,0.6045307559281264
180,0.5127550811592607,195,0.43180671630768963,169,0.4322056912918699,175,0.5467540043101987
172,0.591406558119804,176,0.5505029277629853,162,0.5907781430497142,188,0.5658425007482479
161,0.5558238064219532,164,0.5441109214234605,188,0.5521325058344722,176,0.48380792348583523
184,0.6064111389191014,190,0.5731478809129921,150,0.5653611289941693,182,0.5130561915758344
185,0.5789698249000769,188,0.5687836189666897,150,0.4925073683660554,186,0.3725450472753881
212,0.4755213351347387,227,0.4134940217480864,151,0.600637174433362,190,0.47091189381796084
195,0.5316501985964301,200,0.5049644795588332,192,0.5657603188220249,182,0.4296902024414927
164,0.4315301318150481,169,0.4059859960839341,147,0.5667251916097604,191,0.5899934168883395
180,0.42262642738578055,197,0.3608288764439759,207,0.6258572402142134,207,0.47313736945356005
188,0.6251081305193,192,0.5940465852913959,170,0.5421480196429986,205,0.5197459110710763
151,0.5554607526705584,155,0.5215809188344905,177,0.44999719031800645,192,0.530924167332283
182,0.570962823475204,186,0.5509162707612721,233,0.4291663526124281,166,0.608285957034405
138,0.585137196819314,142,0.5486518300231925,157,0.5411864765299206,200,0.5553310427127157
160,0.4614367716667213,170,0.4057040823915424,192,0.5104263835975363,186,0.4694908314789482
165,0.4889596813435985,168,0.4794497169439859,183,0.33730763019961635,190,0.45861078095388075
185,0.4911747880837545,190,0.4723790235623194,181,0.30863461404869835,245,0.2931516404981755
200,0.5762753515852058,207,0.536099877371936,181,0.4795509052836971,179,0.45512124507333696
207,0.5206233056811332,212,0.5004749611572284,167,0.5360265184757066,200,0.5117137369317254
199,0.5170468006607403,203,0.4966138052073785,180,0.461834933437907,181,0.4127154745876733
171,0.6320284638770431,174,0.6213366778536967,199,0.6030792355011069,169,0.5754945515907738
210,0.5475159479883411,213,0.5358221205038377,168,0.5472350747063912,241,0.33360455496772407
208,0.6434095356319658,211,0.6258573282879986,176,0.5676300872948021,217,0.358955477176988
166,0.5899546220930628,169,0.5750564971211972,175,0.5461794221856314,185,0.4454027711304638
169,0.6047524543758505,172,0.5796634224052011,194,0.53188131547618,165,0.5432139959462868
143,0.6198656912958349,145,0.6101841543616199,171,0.6408520189920911,155,0.5868323191323603
183,0.6674992706968509,185,0.6543427894920653,204,0.6224964896479663,194,0.547954859829297
184,0.5559583991772038,191,0.51172530111474,178,0.5984913064729664,174,0.6485702942601744
148,0.5856081815267313,152,0.5607981253705785,175,0.4093918052593744,185,0.5574571100434319
182,0.5494254679860017,188,0.5147320781866971,180,0.3950870591957315,173,0.5102375574387816
196,0.6049118653754314,201,0.5781333781673363,168,0.5373317052637344,208,0.6039269065281441
161,0.4849490645936271,168,0.44307578145473664,153,0.5607725607987415,196,0.5579511480867955
193,0.45438747328096146,211,0.39036812680682265,201,0.6829472118599031,177,0.6431363538779054
173,0.5243361430258786,179,0.493403569143628,194,0.4662178236985947,145,0.49865154588702537
200,0.6236760482195927,206,0.5888268350741361,169,0.47684628353301084,247,0.2824992326256615
172,0.5730848799974837,175,0.558394384246742,213,0.5444407718446623,164,0.5632108049664424
169,0.6557281387415552,173,0.6276913793463573,181,0.5102458129506336,198,0.5644720296469735
173,0.5803779004320643,178,0.5563092293328953,200,0.5535632727063733,231,0.49867681760936217
177,0.6703699624973466,179,0.6609773575899361,155,0.5926634893481615,159,0.4960940609086562
188,0.5247900434668398,197,0.4768981504271495,183,0.44007831176499435,214,0.5583554585340322
157,0.5973826594336985,162,0.5594658378800362,220,0.3006787334178983,186,0.5683181920270179
164,0.6231653741283972,165,0.6144685942337541,169,0.5057321928887385,180,0.48090325331510503
185,0.4073650164772974,200,0.3615373922323404,198,0.6091357246970955,211,0.39481187983252747
206,0.5718103695224453,211,0.5484894523419082,176,0.5077784442259424,160,0.5455226965974865
171,0.5804014828704869,173,0.5673917012679324,177,0.46047662722738003,177,0.5232569005399383
208,0.5004407401872217,216,0.4638292662916744,171,0.5818229143872664,150,0.565364623569408
181,0.56449238682111,186,0.5306818539242348,183,0.45466846785969023,170,0.4474235756679544
156,0.551207292858549,160,0.5265609991835638,165,0.5514380864444997,161,0.5837725514417669
198,0.6477624481618623,203,0.6129579121914736,214,0.5225660608052308,198,0.6182946782261636
205,0.5854611588791805,212,0.5362646298591479,190,0.6432416875966195,205,0.5755066502411947
178,0.5415151321524646,182,0.5254463313169155,174,0.47046413823781785,144,0.5899842445074449
170,0.5773020936101636,175,0.5546645710914112,206,0.5810334184748045,161,0.5640660454984173
192,0.5465729008951914,195,0.5344565293962189,236,0.481388510679376,206,0.5031615486860759
180,0.48930953556763346,188,0.44845223099080533,175,0.43650437478243764,177,0.4499375687306712
171,0.6462667464581267,174,0.6352483876552982,215,0.548468432590144,171,0.5028320282962969
177,0.5331965689889774,181,0.5167248803331762,190,0.5737083353694148,152,0.5237005157685138
160,0.5027252921842311,164,0.4923568258625607,173,0.4693829750718451,202,0.5246843359607184
154,0.6067952285213153,157,0.5860279458208075,174,0.47631684958825005,160,0.5960525423645098
167,0.5365147891102007,175,0.48129376079343367,178,0.5174135065019189,161,0.6018267776456138
168,0.49220524865698606,174,0.4622442295534737,169,0.6132692528543301,169,0.5774277742483058
181,0.6139419782331433,185,0.5930458385913188,163,0.5900653384196215,187,0.5169614192705337
154,0.5250456460602883,157,0.5048804771972831,248,0.3271799714960848,184,0.39532287436325264
202,0.6351276649989722,205,0.6207197876475131,158,0.5607449076143035,192,0.5166608537499374
144,0.5055908673741695,151,0.4615845623446014,164,0.4867960229176829,212,0.6240307802471836
185,0.5698591633097171,192,0.5355820905243135,177,0.5890740433751852,188,0.5740614368329642
171,0.6254181362033854,174,0.6125503231108426,162,0.4481819712308098,158,0.5512600455457428
134,0.5974485934898572,136,0.582572580754327,165,0.4761553104216636,166,0.566772657960316
174,0.41232328119748207,183,0.3803820722645528,200,0.5785123138482445,194,0.5316793140867517
181,0.6034548828457699,184,0.5897801290196917,192,0.3926744635963668,163,0.5381680762936476
169,0.4806773794080353,173,0.46307035374182764,157,0.5517405125431687,184,0.43686261376624946
161,0.5237921527528883,170,0.4728434837493039,171,0.4981799842549411,157,0.46162858523137146
172,0.4999896123555335,178,0.46788495152522985,183,0.5786578925678839,209,0.6068710529742086
183,0.5460044419118674,185,0.537451682621013,180,0.5300465887502043,142,0.527282830258178
214,0.6507471439830302,219,0.6195448147805447,198,0.5094604063562258,180,0.39471415443641145
172,0.5927692689023477,174,0.5773063416444479,200,0.5973965377490136,180,0.4784569303292089
175,0.6481627832551373,178,0.6379051413136484,186,0.5859994112556246,160,0.6488308087879555
197,0.6607553540174547,200,0.6407253322903868,184,0.5704466371774314,164,0.4930988916151492
204,0.6170991697330587,208,0.5922270989009478,165,0.48947848364883945,207,0.30967523533454594
182,0.5096101766844205,187,0.4945465923455013,187,0.5004031721679012,193,0.5392173294885849
154,0.5759145435024352,156,0.5600517231202934,196,0.4950115056198219,198,0.6459407663662242
185,0.5329139754479052,190,0.5127611459769299,225,0.3421912161172827,216,0.5434869238305664
163,0.5083060641565676,170,0.4672997178455689,155,0.4111777016911395,158,0.5310551768847684
154,0.5785090417055178,159,0.5481698881926937,192,0.5437007199928746,208,0.4568785344139924
205,0.6372736731383036,209,0.6094959321587189,177,0.4896005688081241,165,0.36221005252921457
171,0.5857795791217306,173,0.5777934908807385,179,0.4396916996517774,193,0.5321447826389557
182,0.576037331565779,184,0.5626577205445886,180,0.44726091578133953,180,0.4490236407944573
191,0.5045269086876494,195,0.48780929123998923,216,0.5904732630447906,164,0.5937832171484122
156,0.5404467741730126,163,0.49858395450622656,159,0.5976093885069165,160,0.6412061972834727
154,0.5149803745962013,157,0.5009216304833934,191,0.5391584393367459,180,0.46849345277481064
186,0.5714385252214298,194,0.5315911627425833,187,0.6096285410007056,167,0.4644179118837876
178,0.5266214448068555,180,0.516340140449062,200,0.56947374113393,190,0.40871366120691116
154,0.5102764578945803,161,0.4623430636126033,183,0.5026725920957082,188,0.5072767840284396
170,0.4581985305031035,175,0.4354713353440551,194,0.37961007575463374,176,0.48419705059905543
192,0.6073563613665411,198,0.5613738814054815,213,0.6163611907372132,189,0.5137202375438266
203,0.5439105176914877,208,0.5255700705219921,214,0.5984547441434653,191,0.557390998786929
183,0.4407422556680109,196,0.39223874727423463,215,0.43655393078078486,156,0.5314910021749286
195,0.6024780249785802,199,0.5759412891291776,205,0.4330019993376454,214,0.5225649117494877
208,0.5877776431982293,212,0.5587158688824921,177,0.3988333474496608,195,0.48927165120068294
153,0.5842552530333075,158,0.5420625513674222,152,0.501290847439309,187,0.48841177532067803
189,0.46399588663848107,199,0.4182315094063709,204,0.5702475226838964,191,0.4715060957808683
165,0.5144273033866634,172,0.4748120596687678,205,0.5448581865021795,226,0.42826011503428213
158,0.4805262187198607,166,0.4383941603564465,211,0.5256900080712833,237,0.48065598283038646
174,0.6182874775208702,179,0.5843469970753815,170,0.6335458396926537,185,0.5203900623306131
154,0.5955732343143798,160,0.5527113142160524,212,0.5098657524363663,142,0.5515579416931693
208,0.5510989543780408,211,0.5348224876075001,191,0.5537561442746186,199,0.4691388784617711
181,0.5720935471823323,190,0.5121383372733452,197,0.6022345791306735,172,0.5432627886067122
187,0.6278226567974499,190,0.6024321918621857,199,0.4579709039093698,175,0.5142567141876119
166,0.5207773604468856,170,0.5094943293632184,164,0.5397273300744934,207,0.5049609112074828
180,0.45772411502429433,195,0.3966655600914184,183,0.46878231284003996,161,0.5184099431355688
168,0.6479197886478912,172,0.6220046348007757,145,0.5393775593635386,217,0.4003716998341768
213,0.563251776072885,220,0.5334884102664091,196,0.5557467930319347,214,0.34570989676559033
160,0.5754478973259812,163,0.5540482131856536,197,0.4124874121618327,199,0.38155380028139935
163,0.5882023549248722,166,0.5599060528231502,190,0.4584236212307888,184,0.5168884720530651
185,0.614555007907774,189,0.5880234720727237,202,0.5201456248961389,202,0.6435810038927106
165,0.5906633367184119,170,0.5550372731395616,210,0.5967387106526268,180,0.6025455552824566
156,0.5335492297881665,159,0.5231015915078874,163,0.5130601064462753,184,0.5645620278372423
153,0.5805699352959602,160,0.530883597941687,209,0.5162439920774659,177,0.5064986112917762
167,0.5294191545538095,171,0.507296610515626,174,0.4400794389015009,165,0.47601604593427554
202,0.5550823317003619,205,0.5419314244670912,175,0.5093305212555186,203,0.586468646931326
193,0.626497865421943,197,0.5984133803791853,203,0.5168891370740905,205,0.4939794503212474
153,0.4998507579793142,160,0.45767854205002223,227,0.45399232171232645,147,0.5368125711699161
174,0.523965934571761,179,0.4934029982122545,183,0.42664002733277673,210,0.327741111511605
182,0.49710544442355625,189,0.46723469058578804,205,0.6648793465412326,178,0.530469166057113
197,0.47121130327908844,205,0.43291882125356335,170,0.44595294155789766,188,0.48250357601312455
174,0.6029054321184198,176,0.5789886839671444,195,0.3861398698553655,204,0.5996248960145285
215,0.5032818980458008,220,0.4833082186339084,194,0.5255093945054885,176,0.5352603773358352
208,0.5801697135988715,213,0.5442324147628453,168,0.5981106598521062,177,0.40021456818175644
172,0.49672115683265233,180,0.46627396649796204,180,0.6213175258999615,167,0.5777442411009795
216,0.5603470610869409,222,0.5361244132521351,155,0.4558713551044934,184,0.5704524554688142
172,0.5491017563194796,177,0.5206241022088373,179,0.6168707746713842,195,0.48305719556093585
179,0.4748958041763218,194,0.40734887799813946,216,0.5156409244975849,192,0.5743052812426024
177,0.5445977847500121,184,0.5040176649277807,185,0.5859888699436625,151,0.5201313017917084
187,0.5709956070755453,193,0.5266700860308897,182,0.6432875950618425,169,0.5450041741693714
188,0.5725210927355692,192,0.5571704747241062,174,0.5385088604998038,175,0.5749319844526052
186,0.6079074121136437,193,0.5528896529190455,163,0.5480382814161165,152,0.5668570402970707
168,0.45546521276306806,173,0.43203943606784584,161,0.5904620146499565,191,0.5437110253593959
177,0.5358461455236461,180,0.522927104633835,179,0.5991649868752621,229,0.48802612633024045
156,0.5650382607408733,158,0.5472658005805766,193,0.6464014714459378,195,0.48366589848702496
176,0.610233150082355,178,0.5998044545264917,176,0.568235903686458,173,0.5159221446568367
231,0.47767661207420414,246,0.4240640702405355,200,0.615136467574986,170,0.505280957386149
174,0.6457309813705064,179,0.6182316161948029,165,0.4325245910579818,186,0.5436504823615202
168,0.45544092138976616,178,0.4085524171137061,193,0.5167451002744,166,0.5132870314683129
162,0.5971535968059288,165,0.5672114049069855,173,0.3847151355812023,192,0.5183189740020815
152,0.6160970721480878,154,0.5975624526148672,160,0.5351210564769637,187,0.6096304435449862
196,0.6266454620155052,199,0.614850299329742,180,0.5033647564259788,201,0.5248190965502334
200,0.6816312919670058,202,0.6654132322244235,185,0.5130036398693573,168,0.5423111853426192
196,0.5423960147207081,202,0.504682219195108,180,0.3605069511498904,207,0.5235366178758419
164,0.5873581822177081,168,0.5691339454967309,203,0.4396380188028792,227,0.5507981378694502
196,0.6560108703904176,198,0.6486015739749244,156,0.496996308253812,183,0.4802823207317539
176,0.4466576952764509,188,0.3957925571681638,179,0.47043188051011325,214,0.5984626114318492
186,0.6121585955051686,190,0.5895546300897219,166,0.41182172995204047,220,0.3637735488673954
174,0.5304942806670725,177,0.5180720242408873,171,0.4573067063584305,184,0.622155722907838
182,0.52488246832901,188,0.49099815928705476,175,0.5298492887180611,181,0.5418903438069331
150,0.45525962623087873,162,0.39143945037355155,171,0.4515874969724939,146,0.6195183202816108
210,0.541645944986791,218,0.5082801196503629,188,0.5814172848923457,161,0.48777583447674755
177,0.4705992427374568,183,0.44641411268187053,169,0.5882192470349777,157,0.6060981495627085
192,0.5162539928688257,198,0.48985548650047744,159,0.5903893513703053,199,0.5952206138077442
193,0.6466730872964898,195,0.6347906369580436,196,0.48363962699224794,179,0.385250516268816
155,0.6240948409969259,157,0.6087023386616929,189,0.5238560209648677,168,0.5410403082109365
178,0.6191420235619343,181,0.6009608995907265,154,0.5671782342554292,216,0.5924091877710085
169,0.47387293537079866,176,0.4467024864103213,197,0.5848478220683171,177,0.5464161192091633
171,0.5210797250957365,175,0.503209595982011,196,0.5579175464932878,162,0.5865039900803866
207,0.5173579515410033,214,0.48630257407965705,172,0.4729300456987222,153,0.5821202167528866
179,0.5997787887809699,183,0.5739712829787553,163,0.5876369957318781,183,0.5984446272983407
169,0.5937066157760901,171,0.5848953370136031,198,0.47457691601134044,199,0.5190568123940161
204,0.5497455989372801,208,0.5356860086019737,196,0.5138930815288684,169,0.41626679133058203
194,0.6199874442093294,197,0.6029425970226228,176,0.6020615889720148,186,0.6562679989567668
145,0.5645237886389934,148,0.5369956962799909,157,0.48674384731371645,196,0.5557494554489697
193,0.6274896248653348,197,0.6077608980552455,200,0.3900743220967417,170,0.5237816271497542
168,0.5502224897577639,174,0.5115775078787266,159,0.5965436864220801,172,0.5209625716001355
162,0.5819909060605605,166,0.5576792113678952,188,0.5068844052020776,175,0.5793476859022927
188,0.5403905308130744,193,0.5152163854872658,184,0.4954640754128275,165,0.4476662010378297
192,0.6084667854240422,197,0.5866090545892098,210,0.5040344212319163,210,0.5967751506850849
170,0.4673587313902176,185,0.399388982681956,159,0.45276459704463257,180,0.47748136883854664
196,0.5653625842172362,203,0.5245404279460009,213,0.576954933959757,178,0.6286416407124311
151,0.5963922518837049,154,0.5848216282895076,210,0.5684385071204003,204,0.4024116861866966
211,0.569908826595873,215,0.5553953099576304,178,0.48315703492687667,182,0.5406313142954906
180,0.4230803161102112,191,0.38513035026048237,181,0.4571095984252811,189,0.532335733450928
185,0.49727114237760667,193,0.45281374822583703,163,0.5354076274781303,171,0.5253182658446367
170,0.5441092619969137,178,0.494945748757483,192,0.5400674842890492,195,0.5081103094839774
168,0.4995167594555982,172,0.48531594142290324,203,0.5783779799470935,184,0.4705109712352302
208,0.5033734198024582,215,0.4720496392300963,157,0.4906590428844096,199,0.6633358244349574
173,0.5484206227675307,177,0.5236348007963239,164,0.575545125860608,194,0.5417465852051105
168,0.6348211803986034,171,0.6151701645786196,202,0.5133555756052876,152,0.5676085410501073
212,0.6486189576644802,216,0.6238526172824563,200,0.5174905594811042,167,0.5558497322965901
154,0.6302259005781965,156,0.609865516147307,153,0.5480299669659208,177,0.5027461426114129
218,0.4093213989260073,245,0.3381732958536996,192,0.5011278298599787,185,0.550563100992185
150,0.4881689608488053,158,0.43460588718188714,218,0.5483388422730797,162,0.5568903907917777
174,0.5002604525743456,182,0.4568777552687022,169,0.47474550723242576,169,0.4325062463952136
204,0.5066667746040843,213,0.4624075461104949,168,0.5964287956549181,191,0.6070055533567202
141,0.5641794275549334,144,0.5454419058480698,186,0.4537141254393685,217,0.5063466108003982
158,0.5926105116214377,161,0.5741647443886962,191,0.5898161131743751,176,0.6191653572306676
187,0.5222267976610248,190,0.5127419257450704,223,0.47205672508968827,148,0.5751490713437266
191,0.5385621378288479,202,0.4831324271935393,219,0.4750851339160804,181,0.5154967965208929
207,0.5964896837748438,210,0.5873396335421257,186,0.5437143770296952,201,0.5278638066277859
189,0.634856515334784,192,0.6234891756590365,195,0.49465714957773205,171,0.4572516917222688
183,0.6410476231365932,185,0.6255418621254115,208,0.523602823210153,183,0.5542236273014939
154,0.5708434999514523,157,0.5554659235419648,153,0.5757216561093743,207,0.41157825465280523
198,0.5409894117952989,213,0.4575350633249319,202,0.5311881124020023,214,0.46970583535043653
149,0.5696022822716862,152,0.5498580203941279,196,0.4510870154766509,163,0.5507495160306902
160,0.625404179658065,164,0.5907813809046529,215,0.520836020553579,188,0.46213538721179714
177,0.5582226932665334,186,0.49522226751719073,161,0.604713141808029,202,0.5039346227385341
163,0.626971092433019,166,0.606965748259441,167,0.5661681330529206,193,0.5167520415713608
163,0.5850939613053795,165,0.574483313933514,194,0.5345604249705861,211,0.5074230524694302
196,0.6107544812088963,199,0.6009191554270514,237,0.4934991978132404,198,0.5095943538121942
160,0.575465369823852,164,0.5571758442251821,209,0.5719231587900836,245,0.41578618939003675
169,0.5819792495309577,172,0.5525627019625106,157,0.5764541131914843,193,0.5850285697708528
182,0.5815424106629238,184,0.5700816043256242,166,0.532393663546828,216,0.5458682153260882
173,0.5249682325732093,177,0.5024837280945703,190,0.5305435322043764,212,0.4670671480345555
200,0.5999263608283554,202,0.5868042647826445,202,0.5527812132378441,183,0.6195690548311068
177,0.5815200672595167,182,0.5467197201110456,247,0.40747362342833415,156,0.4970009989102474
155,0.5155630171674285,158,0.499360072352193,177,0.5284945378488972,189,0.3896948487409125
181,0.6452430305243528,183,0.6289179400273038,198,0.4346533135674061,171,0.5828323617209988
171,0.6064423684216891,175,0.5814556003455197,216,0.3924804154623593,148,0.47727908796341567
148,0.4672885515884531,156,0.42787359109479445,235,0.32278731671872485,174,0.5239945462718126
207,0.5637440257449783,212,0.5433155481717612,182,0.5779388787338717,145,0.5591888007848987
182,0.5650985415471638,186,0.5468575842672095,162,0.46322325359503036,181,0.6067278791852525
143,0.6206896865706827,144,0.6102653562019059,171,0.41559024640487946,177,0.5888477545948311
148,0.5506523990814677,150,0.5393550975228492,181,0.5029200605840966,175,0.5864157593924431
170,0.532510865803901,173,0.5210332160320331,205,0.6868396558058246,161,0.5648161407472615
179,0.5632157187660091,181,0.5537301200240864,167,0.6518229972443259,150,0.5015601332850815
166,0.6586575727358143,168,0.6426976472799486,175,0.44232532488427345,140,0.5868067905575679
165,0.5631857114659565,174,0.5004326133291789,179,0.5290289356965711,201,0.5356324920628535
190,0.6424532940423877,195,0.6098483025512218,203,0.6166910100560392,206,0.6089860911856954
211,0.4841190927492209,222,0.44019030546680304,186,0.3839910227906921,197,0.5848488273682948
161,0.5068651490167116,167,0.4678184703140696,217,0.576791231580628,170,0.5010953566843427
184,0.5230131152180826,189,0.5000083560186491,166,0.44306915294779553,231,0.4426889339629673
182,0.5528236174421637,187,0.5255556606469715,204,0.4727244764048223,156,0.6228071877556415
179,0.5294236808284288,183,0.5113741713555511,212,0.5637358646126355,143,0.5469724930039782
194,0.6143329761665018,198,0.5863800692824814,177,0.4834329196110217,176,0.5742462203119895
209,0.6731350170172217,214,0.6480094566612724,159,0.5675149996748726,199,0.46444931824296243
173,0.5035407513373936,178,0.48305707617661114,198,0.6505523935869642,174,0.454417131547186
174,0.5385506795301053,180,0.49899871559502423,176,0.5433121277795148,181,0.43895407005571724
162,0.4617693041616674,172,0.41132352982761644,167,0.4895536077540853,176,0.423298976720009
195,0.5892131281399254,200,0.5525896156363939,162,0.45697028897266073,165,0.5914419672792396
195,0.47356345084826346,205,0.4357758875692748,183,0.5235081954654609,192,0.554002523202386
174,0.5604370596062784,177,0.5488638326063721,191,0.6633239447444799,154,0.5632462245637895
179,0.5782401572964637,185,0.5246289183935886,183,0.5418661289520096,149,0.5336385393481736
165,0.48153441558734017,182,0.3946844137505582,215,0.6396504302828872,213,0.5192195398372565
168,0.5182620537971883,174,0.4956126486542438,157,0.5543844881795775,188,0.5620269388968508
179,0.6219265231943016,181,0.6084816164691366,189,0.5804288705704177,163,0.5214559576008673
197,0.6049897609192321,205,0.5496572451673856,237,0.5238528471382591,166,0.5268070853451162
188,0.6462197319572016,191,0.6249903268638412,183,0.48215326539821896,180,0.5124327223950936
171,0.3964875233182663,196,0.3157528062384993,170,0.6031080414294331,147,0.6138586156040403
184,0.6796720111358224,187,0.6640702658268913,176,0.3988610960538908,158,0.5364476035112585
204,0.5588797635252136,211,0.514648177821392,197,0.6315781472208705,240,0.390964695126588
194,0.4179428618987464,227,0.32805145806421887,178,0.4116379014436809,208,0.5777022302477333
161,0.5252615164204848,164,0.506772843175677,218,0.4964654185406496,217,0.37053104560228084
154,0.5768374682140851,156,0.5634775010224673,172,0.5572951798083832,195,0.616313112538919
180,0.45073405615876433,190,0.40720136509114435,157,0.48604033466000995,237,0.37937895302382285
140,0.5414190589509889,144,0.5081038938463395,187,0.4931001454876248,169,0.5338940998591719
165,0.5504077799396111,167,0.5419021649284925,190,0.5282339121950806,198,0.4280910962807154
